{"cameraMode":{"drawMode":0,"name":"Shaded","section":"Shading Mode"},"sceneLighting":false,"audioPlay":false,"sceneViewState":{"m_AlwaysRefresh":false,"showFog":true,"showSkybox":false,"showFlares":true,"showImageEffects":true,"showParticleSystems":true,"showVisualEffectGraphs":true,"m_FxEnabled":true},"in2DMode":false,"pivot":{"x":-0.0308113694190979,"y":-0.0034106671810150148,"z":-0.02946561574935913},"rotation":{"x":-0.09163865447044373,"y":0.16148974001407624,"z":-0.015060675330460072,"w":-0.9825124740600586},"size":0.6282014846801758,"orthographic":false}