{"cameraMode":{"drawMode":0,"name":"Shaded","section":"Shading Mode"},"sceneLighting":false,"audioPlay":false,"sceneViewState":{"m_AlwaysRefresh":false,"showFog":true,"showSkybox":false,"showFlares":true,"showImageEffects":true,"showParticleSystems":true,"showVisualEffectGraphs":true,"m_FxEnabled":true},"in2DMode":false,"pivot":{"x":0.07970333099365235,"y":-23.625219345092775,"z":-0.14347267150878907},"rotation":{"x":-0.08708767592906952,"y":-0.1700861155986786,"z":0.015096288174390793,"w":-0.9814748764038086},"size":30.0129451751709,"orthographic":false}