{"cameraMode":{"drawMode":0,"name":"Shaded","section":"Shading Mode"},"sceneLighting":false,"audioPlay":false,"sceneViewState":{"m_AlwaysRefresh":false,"showFog":true,"showSkybox":false,"showFlares":true,"showImageEffects":true,"showParticleSystems":true,"showVisualEffectGraphs":true,"m_FxEnabled":true},"in2DMode":false,"pivot":{"x":0.041837215423583987,"y":-0.03909420967102051,"z":1.7115235328674317},"rotation":{"x":-0.08708767592906952,"y":-0.1700861155986786,"z":0.015096288174390793,"w":-0.9814748764038086},"size":5.527302265167236,"orthographic":false}