{"cameraMode":{"drawMode":0,"name":"Shaded","section":"Shading Mode"},"sceneLighting":false,"audioPlay":false,"sceneViewState":{"m_AlwaysRefresh":false,"showFog":true,"showSkybox":true,"showFlares":true,"showImageEffects":true,"showParticleSystems":true,"showVisualEffectGraphs":true,"m_FxEnabled":true},"in2DMode":false,"pivot":{"x":0.015600919723510743,"y":0.42092788219451907,"z":15.612953186035157},"rotation":{"x":-0.028483593836426736,"y":-0.030574966222047807,"z":0.0008737355237826705,"w":-0.9991551637649536},"size":5.468776702880859,"orthographic":true}