{"cameraMode":{"drawMode":0,"name":"Shaded","section":"Shading Mode"},"sceneLighting":false,"audioPlay":false,"sceneViewState":{"m_AlwaysRefresh":false,"showFog":true,"showSkybox":true,"showFlares":true,"showImageEffects":true,"showParticleSystems":true,"showVisualEffectGraphs":true,"m_FxEnabled":true},"in2DMode":false,"pivot":{"x":-0.030383463948965074,"y":0.048349350690841678,"z":0.1987360417842865},"rotation":{"x":0.18632028996944428,"y":-0.02946917898952961,"z":0.005592659581452608,"w":0.9820364117622376},"size":0.3283880352973938,"orthographic":false}