{"cameraMode":{"drawMode":0,"name":"Shaded","section":"Shading Mode"},"sceneLighting":false,"audioPlay":false,"sceneViewState":{"m_AlwaysRefresh":false,"showFog":true,"showSkybox":true,"showFlares":true,"showImageEffects":true,"showParticleSystems":true,"showVisualEffectGraphs":true,"m_FxEnabled":true},"in2DMode":false,"pivot":{"x":0.04300081729888916,"y":-2.410459518432617,"z":13.620015144348145},"rotation":{"x":-0.032966624945402148,"y":-0.6797173023223877,"z":-0.030607890337705613,"w":0.7320953011512756},"size":1.6971505880355836,"orthographic":true}