{"cameraMode":{"drawMode":0,"name":"Shaded","section":"Shading Mode"},"sceneLighting":false,"audioPlay":false,"sceneViewState":{"m_AlwaysRefresh":false,"showFog":true,"showSkybox":true,"showFlares":true,"showImageEffects":true,"showParticleSystems":true,"showVisualEffectGraphs":true,"m_FxEnabled":true},"in2DMode":false,"pivot":{"x":0.00010079145431518555,"y":-2.7279834747314455,"z":8.102945327758789},"rotation":{"x":0.22301623225212098,"y":0.3039277493953705,"z":-0.07341058552265167,"w":0.9233121871948242},"size":3.7789251804351808,"orthographic":true}