{"cameraMode":{"drawMode":0,"name":"Shaded","section":"Shading Mode"},"sceneLighting":false,"audioPlay":false,"sceneViewState":{"m_AlwaysRefresh":false,"showFog":true,"showSkybox":true,"showFlares":true,"showImageEffects":true,"showParticleSystems":true,"showVisualEffectGraphs":true,"m_FxEnabled":true},"in2DMode":false,"pivot":{"x":-0.18638134002685548,"y":-0.11812353134155274,"z":-0.07162761688232422},"rotation":{"x":-0.33115047216415408,"y":-0.43356624245643618,"z":0.1751975566148758,"w":-0.8195751905441284},"size":2.2557780742645265,"orthographic":false}