{"cameraMode":{"drawMode":0,"name":"Shaded","section":"Shading Mode"},"sceneLighting":false,"audioPlay":false,"sceneViewState":{"m_AlwaysRefresh":false,"showFog":true,"showSkybox":false,"showFlares":true,"showImageEffects":true,"showParticleSystems":true,"showVisualEffectGraphs":true,"m_FxEnabled":true},"in2DMode":false,"pivot":{"x":-0.08373510837554932,"y":0.08408606052398682,"z":-0.014757275581359864},"rotation":{"x":-0.08708767592906952,"y":-0.1700861155986786,"z":0.015096288174390793,"w":-0.9814748764038086},"size":2.7927920818328859,"orthographic":false}