{"cameraMode":{"drawMode":0,"name":"Shaded","section":"Shading Mode"},"sceneLighting":false,"audioPlay":false,"sceneViewState":{"m_AlwaysRefresh":false,"showFog":true,"showSkybox":false,"showFlares":true,"showImageEffects":true,"showParticleSystems":true,"showVisualEffectGraphs":true,"m_FxEnabled":true},"in2DMode":false,"pivot":{"x":0.18611907958984376,"y":-0.11208343505859375,"z":-0.14159011840820313},"rotation":{"x":-0.08708767592906952,"y":-0.1700861155986786,"z":0.015096288174390793,"w":-0.9814748764038086},"size":88.29002380371094,"orthographic":false}