{"cameraMode":{"drawMode":0,"name":"Shaded","section":"Shading Mode"},"sceneLighting":false,"audioPlay":false,"sceneViewState":{"m_AlwaysRefresh":false,"showFog":true,"showSkybox":false,"showFlares":true,"showImageEffects":true,"showParticleSystems":true,"showVisualEffectGraphs":true,"m_FxEnabled":true},"in2DMode":false,"pivot":{"x":10.268016815185547,"y":4.5724639892578129,"z":-8.00071907043457},"rotation":{"x":-0.025924859568476678,"y":0.6182147860527039,"z":0.02040850929915905,"w":0.7853162288665772},"size":25.222108840942384,"orthographic":true}